SEASON,TEAM,CONF,G,W,ADJOE,ADJDE,BARTHAG,EFG%,EFGD%,TOR,TORD,ORB,DRB,FTR,FTRD,2P_O,2P_D,3P_O,3P_D,ADJ_T,WAB,POSTSEASON,SEED
2024,Houston,B12,34,30,119.2,85.5,0.9785,49.7,44.0,13.7,24.7,36.9,30.2,29.9,39.0,48.4,43.4,34.7,30.0,63.3,10.6,S16,1.0
2024,Connecticut,BE,34,31,127.1,93.6,0.9712,57.1,45.1,14.9,16.2,36.5,26.8,33.3,32.5,58.5,43.7,36.7,31.9,64.6,11.3,Champions,1.0
2024,Purdue,B10,33,29,126.2,94.7,0.9644,56.0,47.7,16.5,14.0,37.4,24.7,42.8,23.0,53.2,48.1,40.8,31.4,67.6,11.0,2ND,1.0
2024,North Carolina,ACC,34,27,116.8,93.2,0.9305,51.3,46.4,14.4,14.9,32.8,23.5,36.8,28.3,50.3,46.0,35.4,31.4,70.4,6.6,S16,1.0
2024,Iowa St.,B12,34,27,113.6,86.5,0.9583,51.9,47.1,15.7,25.7,31.6,29.4,36.1,35.2,51.7,46.9,34.9,31.5,67.6,6.9,S16,2.0
2024,Arizona,P12,33,25,121.5,93.6,0.9526,55.0,48.7,16.1,18.1,36.3,23.1,36.7,25.7,54.6,47.8,37.1,33.4,72.0,4.9,S16,2.0
2024,Tennessee,SEC,32,24,115.6,91.2,0.9382,51.5,45.4,14.6,18.9,32.4,28.6,34.3,35.8,51.6,44.3,34.2,31.4,69.2,5.8,E8,2.0
2024,Marquette,BE,34,25,118.9,94.6,0.9328,55.1,49.7,14.3,21.1,26.0,30.8,25.6,28.2,56.0,49.2,35.8,33.6,69.1,6.5,S16,2.0
2024,Creighton,BE,32,23,120.6,96.5,0.9289,57.5,46.4,15.3,11.2,25.9,24.6,24.5,16.2,60.6,45.7,36.1,32.2,66.9,4.4,S16,3.0
2024,Illinois,B10,34,26,125.3,101.1,0.9221,53.8,48.0,15.1,12.3,36.2,26.1,37.8,27.1,54.7,46.6,34.9,34.3,69.9,6.0,E8,3.0
2024,Baylor,B12,32,23,122.2,99.9,0.9103,55.6,51.3,17.7,17.1,35.1,27.1,40.5,30.9,53.4,51.9,39.4,33.5,65.7,5.1,R32,3.0
2024,Kentucky,SEC,32,23,123.0,102.2,0.8934,57.4,49.5,14.2,16.0,28.9,30.2,30.4,33.4,54.7,49.8,41.2,32.6,72.5,2.9,R64,3.0
2024,Auburn,SEC,34,27,120.7,92.1,0.9573,54.1,43.4,14.9,18.2,32.9,30.3,38.2,41.0,54.9,42.8,35.2,29.8,69.8,5.5,R64,4.0
2024,Duke,ACC,32,24,120.8,96.8,0.9272,55.2,49.0,14.3,16.9,31.8,25.9,33.8,27.6,54.4,49.1,37.7,32.6,66.9,3.3,E8,4.0
2024,Alabama,SEC,32,21,125.2,102.1,0.9126,56.3,49.9,16.0,15.6,34.9,29.9,35.2,39.6,57.6,51.1,36.5,31.9,72.5,3.4,F4,4.0
2024,Kansas,B12,31,22,113.5,92.7,0.9111,53.4,47.6,16.4,16.8,25.3,26.4,32.8,28.5,54.8,45.3,33.3,33.8,68.9,4.3,R32,4.0
2024,Saint Mary's,WCC,32,26,115.8,93.7,0.9198,53.1,45.1,16.0,16.7,39.0,22.4,28.3,32.2,53.0,43.6,35.5,32.4,62.1,1.4,R64,5.0
2024,Gonzaga,WCC,31,25,121.3,98.6,0.9151,56.7,47.3,14.0,16.5,33.3,27.2,31.5,25.8,58.3,45.1,35.5,34.0,69.1,2.5,S16,5.0
2024,Wisconsin,B10,35,22,119.8,98.8,0.9018,52.4,52.2,14.6,16.9,30.5,24.5,33.5,33.2,52.6,50.4,34.8,37.1,65.0,3.3,R64,5.0
2024,San Diego St.,MWC,32,24,111.5,93.9,0.8789,49.8,47.2,16.0,18.0,32.7,28.0,37.5,33.3,51.6,48.3,31.3,30.5,66.1,2.6,S16,5.0
2024,BYU,B12,33,23,120.6,99.0,0.9067,55.1,48.0,15.2,16.0,32.8,24.7,25.3,32.1,58.0,48.2,34.8,31.8,69.0,2.9,R64,6.0
2024,Texas Tech,B12,33,23,117.5,98.4,0.8846,52.8,49.1,16.5,17.0,30.2,30.3,34.6,26.6,51.5,49.6,36.5,32.1,66.4,3.4,R64,6.0
2024,Clemson,ACC,32,21,116.7,99.3,0.8647,53.9,48.7,14.9,13.6,27.7,25.2,30.6,31.2,54.4,47.1,35.4,34.0,66.2,0.9,E8,6.0
2024,South Carolina,SEC,33,26,114.4,98.9,0.842,50.8,48.0,15.5,14.9,33.1,28.0,31.8,30.8,51.1,46.8,33.5,33.6,63.0,4.7,R64,6.0
2024,Texas,B12,32,20,119.0,98.3,0.9006,53.7,49.0,16.6,18.6,30.5,30.0,30.4,35.0,53.4,47.4,36.1,34.8,67.2,1.2,R32,7.0
2024,Florida,SEC,35,24,119.7,99.3,0.8951,51.5,48.8,15.8,14.5,37.5,28.9,38.6,34.2,51.7,49.0,34.2,32.2,71.6,3.0,R64,7.0
2024,Washington St.,P12,33,24,112.8,96.6,0.8556,52.1,47.3,16.1,15.9,32.9,24.9,31.7,32.7,52.6,46.9,34.0,32.0,64.9,1.9,R32,7.0
2024,Dayton,A10,31,24,117.4,100.7,0.8547,56.6,47.9,15.8,15.7,26.9,29.0,37.2,21.8,53.7,48.2,40.2,31.7,64.0,2.6,R32,7.0
2024,Nebraska,B10,33,23,115.7,95.6,0.8999,53.2,46.3,15.9,16.4,27.8,30.0,32.4,27.7,52.8,45.2,35.8,31.9,68.7,2.4,R64,8.0
2024,Mississippi St.,SEC,34,21,112.6,94.9,0.8772,51.7,47.7,18.7,18.2,35.4,27.6,37.9,32.4,53.4,50.2,32.5,29.4,67.2,0.8,R64,8.0
2024,Florida Atlantic,Amer,33,25,117.3,103.0,0.817,55.0,49.7,15.8,16.5,33.8,29.2,34.8,27.5,56.0,49.3,35.6,33.6,67.9,1.2,R64,8.0
2024,Utah St.,MWC,31,27,114.1,100.4,0.8144,54.1,49.6,15.7,16.4,28.5,25.4,40.0,30.4,57.1,53.1,32.1,29.0,68.5,3.3,R32,8.0
2024,Michigan St.,B10,33,19,112.7,93.3,0.8983,51.5,48.0,14.7,18.7,29.9,28.7,29.9,32.6,50.5,47.1,35.9,32.8,65.3,0.21,R32,9.0
2024,Northwestern,B10,32,21,117.2,99.2,0.8717,53.2,51.6,13.3,18.8,25.7,28.2,29.9,39.4,49.7,50.3,39.4,35.9,63.7,1.5,R32,9.0
2024,TCU,B12,33,21,114.5,97.1,0.869,51.9,50.3,17.9,20.8,35.5,28.6,35.1,35.7,51.2,50.9,35.6,32.8,69.9,1.3,R64,9.0
2024,Texas A&M,SEC,34,20,115.0,98.9,0.8499,45.4,50.1,14.2,16.9,41.9,28.0,38.2,31.2,47.0,49.5,28.4,33.9,65.6,0.25,R32,9.0
2024,Colorado,P12,34,24,117.2,98.0,0.8866,55.3,49.3,18.1,15.2,32.4,24.0,35.3,28.1,53.6,50.1,39.4,31.9,67.7,1.7,R32,10.0
2024,Nevada,MWC,32,26,115.1,98.0,0.8632,53.3,48.2,15.0,17.3,27.5,27.2,46.2,34.3,52.6,49.1,36.5,31.3,66.8,2.7,R64,10.0
2024,Boise St.,MWC,30,22,114.0,97.8,0.8538,51.6,49.8,16.5,16.8,32.5,23.1,36.1,33.1,51.2,52.1,34.8,30.6,66.6,0.9,R68,10.0
2024,Colorado St.,MWC,32,24,113.8,98.1,0.846,54.6,49.3,14.8,16.9,24.3,27.5,32.6,31.8,57.6,48.5,33.2,34.0,65.8,1.5,R64,10.0
2024,Drake,MVC,33,28,114.8,100.2,0.8283,54.9,51.0,13.9,17.4,24.2,22.1,32.6,31.0,55.1,51.9,36.5,33.0,67.8,1.7,R64,10.0
2024,Virginia,ACC,33,23,104.6,92.0,0.8147,49.3,46.2,13.2,19.3,26.0,28.1,25.1,25.7,46.8,46.6,36.3,30.4,60.0,1.2,R68,10.0
2024,New Mexico,MWC,34,26,114.8,95.5,0.8927,51.0,48.0,13.9,19.5,33.4,27.0,33.1,33.5,51.4,49.2,33.4,30.6,72.8,1.7,R64,11.0
2024,Oregon,P12,34,23,113.3,99.6,0.8149,51.8,51.5,14.8,17.9,28.7,27.1,32.3,32.8,52.7,51.6,33.6,34.3,67.1,1.4,R32,11.0
2024,North Carolina St.,ACC,36,22,114.0,101.2,0.7981,50.7,50.5,13.7,17.9,28.6,29.3,32.5,31.9,50.1,49.5,34.6,34.9,67.9,-0.6,F4,11.0
2024,Duquesne,A10,34,24,106.3,96.1,0.7612,50.1,48.0,17.5,19.5,29.9,30.0,33.1,35.3,49.6,48.4,33.9,31.7,66.3,-1.8,R32,11.0
2024,James Madison,SB,33,31,112.0,100.4,0.778,54.4,46.7,14.7,19.8,32.0,27.6,34.2,35.1,54.2,48.8,36.5,28.6,69.8,1.5,R32,12.0
2024,Grand Canyon,WAC,32,29,111.1,99.8,0.7733,52.0,45.9,17.8,19.9,34.6,29.6,45.3,34.8,52.3,44.4,34.4,32.6,68.0,1.3,R32,12.0
2024,McNeese St.,Slnd,29,30,111.3,101.0,0.7524,54.9,47.8,14.2,23.0,32.1,30.4,40.6,33.9,52.8,46.3,39.4,33.0,65.3,0.7,R64,12.0
2024,UAB,Amer,33,23,112.7,106.3,0.6634,50.1,51.0,16.7,16.1,35.3,31.0,40.5,31.4,50.4,50.2,33.1,35.0,67.7,-2.7,R64,12.0
2024,Yale,Ivy,29,22,109.8,100.1,0.7437,52.3,49.7,14.1,16.0,28.4,24.0,26.9,29.0,52.5,48.8,34.6,34.0,64.6,-2.5,R32,13.0
2024,Samford,SC,32,29,111.7,102.4,0.7315,56.9,50.0,18.1,21.7,30.2,32.0,36.4,37.0,55.5,49.5,39.3,33.9,72.6,0.07,R64,13.0
2024,College of Charleston,CAA,33,27,113.3,105.2,0.7019,52.4,50.6,14.3,16.4,33.5,26.6,26.9,28.3,52.6,50.5,34.8,33.8,70.0,-1.6,R64,13.0
2024,Vermont,AE,32,28,104.5,98.7,0.6593,51.8,46.7,13.8,15.1,22.4,23.3,29.7,25.9,53.1,46.4,33.5,31.5,63.3,-1.2,R64,13.0
2024,Akron,MAC,32,24,105.0,101.6,0.5953,52.0,48.6,17.2,16.6,29.5,25.6,33.6,29.0,54.8,50.7,32.0,30.0,65.7,-4.5,R64,14.0
2024,Morehead St.,OVC,30,26,106.7,103.4,0.5889,54.4,45.7,18.5,15.5,32.0,26.4,31.3,32.7,55.6,45.4,35.3,31.1,64.3,-3.4,R64,14.0
2024,Oakland,Horz,34,23,107.8,104.6,0.5853,52.1,50.6,16.2,16.3,30.6,28.6,30.9,26.8,51.8,50.5,35.1,33.9,66.8,-4.2,R32,14.0
2024,Colgate,Pat,33,25,102.3,101.8,0.5128,53.4,47.2,16.3,16.1,25.0,24.5,27.6,24.5,53.3,48.7,35.7,29.9,66.2,-4.1,R64,14.0
2024,Western Kentucky,CUSA,30,22,105.2,101.8,0.5938,51.9,48.3,18.3,18.6,28.5,26.7,32.9,33.4,52.1,48.3,34.4,32.2,75.1,-6.6,R64,15.0
2024,South Dakota St.,Sum,31,22,107.6,104.4,0.5836,55.3,50.8,16.4,16.5,24.4,25.3,30.4,27.4,55.9,49.0,36.2,35.2,67.9,-7.4,R64,15.0
2024,Long Beach St.,BW,33,21,105.4,108.0,0.4313,48.9,51.2,17.1,18.5,33.3,29.6,38.1,32.6,49.7,50.0,31.3,35.1,71.4,-8.0,R64,15.0
2024,Saint Peter's,MAAC,31,19,96.8,100.2,0.4038,45.0,46.6,19.6,20.3,35.1,29.4,38.1,42.3,42.4,46.4,33.9,31.5,64.0,-8.8,R64,15.0
2024,Longwood,BSth,31,21,104.0,104.8,0.4768,49.4,51.3,18.0,19.6,36.7,25.5,39.5,36.1,48.6,50.9,34.2,34.6,66.8,-8.6,R64,16.0
2024,Montana St.,BSky,31,17,102.9,105.8,0.4193,53.9,52.3,16.8,18.6,20.7,28.6,30.7,37.0,53.4,54.1,36.4,32.6,68.5,-12.6,R68,16.0
2024,Stetson,ASun,31,22,108.3,114.0,0.3559,53.4,52.0,15.8,13.5,27.5,31.2,31.7,25.9,52.5,52.2,36.5,34.5,66.0,-6.8,R64,16.0
2024,Howard,MEAC,32,18,104.5,112.9,0.2913,52.0,50.9,21.4,16.7,33.4,30.7,42.2,39.1,49.2,50.8,37.5,34.0,67.7,-12.1,R68,16.0
2024,Grambling St.,SWAC,31,20,97.7,106.0,0.2805,48.2,49.1,20.5,19.0,28.1,32.7,39.6,33.9,47.0,48.4,34.1,33.7,64.9,-8.0,R64,16.0
2024,Wagner,NEC,29,16,95.0,105.0,0.2399,44.6,48.4,15.9,17.0,29.5,27.0,26.8,29.9,42.8,50.9,31.6,29.9,61.3,-11.7,R64,16.0
2024,St. John's,BE,33,20,119.1,98.3,0.9005,50.9,49.5,15.7,18.5,38.6,30.3,27.3,34.4,50.8,47.9,34.1,35.0,69.2,0.32,,
2024,Villanova,BE,33,18,110.4,93.5,0.871,50.7,48.2,14.5,16.1,25.2,24.4,26.5,25.9,50.4,47.6,34.0,32.7,63.3,-1.1,,
2024,Wake Forest,ACC,33,20,116.5,99.0,0.866,54.7,48.9,15.6,16.2,26.3,26.2,31.5,30.7,54.0,48.8,37.2,32.6,68.0,-1.3,,
2024,Ohio St.,B10,33,20,115.5,98.4,0.8636,51.2,48.2,15.6,15.9,31.4,29.2,33.9,31.1,51.0,46.4,34.3,34.7,65.4,-0.23,,
2024,Pittsburgh,ACC,33,22,115.8,98.9,0.86,51.6,49.0,13.4,16.6,31.0,23.8,30.5,30.5,50.0,50.8,35.7,30.8,65.8,0.3,,
2024,Cincinnati,B12,34,20,111.2,95.5,0.8521,50.0,47.6,17.4,17.6,37.2,25.6,27.9,29.6,50.8,46.4,32.4,33.3,67.3,-0.7,,
2024,Indiana St.,MVC,33,28,117.5,101.3,0.8464,59.9,49.0,16.5,15.5,23.4,23.1,32.5,25.5,62.0,48.7,38.4,33.0,70.5,1.9,,
2024,Oklahoma,B12,32,20,113.1,97.6,0.8436,53.1,47.4,18.1,16.5,30.1,26.2,37.7,31.1,53.9,48.9,34.5,29.9,67.1,1.2,,
2024,Utah,P12,33,19,112.9,97.6,0.8419,53.7,48.6,16.3,14.5,28.3,26.2,27.4,26.2,53.8,47.2,35.7,34.0,69.7,-1.1,,
2024,Iowa,B10,32,18,119.1,103.9,0.828,52.7,52.1,13.1,16.6,27.6,30.5,33.0,33.1,53.0,51.0,34.7,36.1,71.6,-0.36,,
2024,Seton Hall,BE,32,20,111.6,97.7,0.8219,49.8,49.5,18.8,17.8,35.9,29.3,32.5,27.4,50.1,48.5,32.7,33.8,66.0,1.0,,
2024,Butler,BE,31,18,112.4,98.7,0.8167,51.8,49.9,15.2,16.1,26.2,29.0,27.0,22.5,51.5,50.7,34.8,32.5,68.4,-0.9,,
2024,Virginia Tech,ACC,32,18,116.0,101.9,0.8166,54.1,51.5,16.3,17.1,25.2,26.5,33.1,30.0,55.1,51.5,35.1,34.4,67.5,-2.2,,
2024,Providence,BE,34,21,108.5,95.3,0.8151,51.7,47.5,17.5,17.1,27.1,27.7,32.2,27.9,53.7,45.6,32.8,34.2,67.8,0.8,,
2024,UCF,B12,32,17,106.5,94.0,0.8086,47.7,47.5,18.0,20.3,32.9,27.3,37.2,39.0,47.4,45.9,32.1,33.3,68.4,-2.4,,
2024,Bradley,MVC,32,22,111.8,98.8,0.8056,55.7,47.6,18.1,18.5,28.5,27.9,27.5,35.7,55.0,46.2,37.7,33.2,66.2,-3.4,,
2024,Washington,P12,32,17,114.4,101.2,0.8037,53.5,50.1,15.9,15.8,27.1,28.9,32.1,33.1,53.8,49.9,35.4,33.7,71.1,-3.6,,
2024,Xavier,BE,33,16,111.4,98.7,0.8008,49.0,49.6,16.2,16.2,32.1,29.0,32.0,30.0,48.0,49.4,34.0,33.3,70.9,-2.1,,
2024,Kansas St.,B12,33,19,107.8,95.7,0.7978,50.0,46.5,21.3,15.9,32.5,30.5,38.9,32.6,51.5,46.7,32.0,30.7,67.2,0.36,,
2024,Maryland,B10,33,16,105.7,94.3,0.7891,46.7,46.7,17.5,18.8,31.7,29.1,40.8,33.5,48.8,45.7,28.9,32.8,65.4,-4.1,,
2024,North Texas,Amer,30,18,109.4,97.8,0.7834,50.8,47.5,17.8,19.6,33.9,31.9,29.1,40.3,47.2,46.8,37.7,32.5,61.3,-5.8,,
2024,UNLV,MWC,29,19,111.3,99.6,0.7822,51.1,49.1,16.4,18.2,30.1,32.2,34.0,31.7,51.8,50.1,33.2,31.7,64.9,-2.6,,
2024,SMU,Amer,31,20,111.0,99.5,0.779,50.8,46.7,16.6,18.9,38.5,31.3,28.3,33.1,50.5,46.1,34.3,31.8,67.4,-4.3,,
2024,San Francisco,WCC,32,23,109.6,98.5,0.7729,55.2,49.5,16.8,19.8,29.3,24.2,23.7,38.5,57.1,48.5,34.9,34.2,67.0,-2.4,,
2024,USC,P12,33,15,110.0,99.0,0.7698,51.7,50.2,17.9,18.8,29.0,32.2,33.6,31.6,50.7,47.4,35.5,36.5,68.1,-5.0,,
2024,Penn St.,B10,33,16,110.2,99.2,0.7686,50.3,50.2,15.7,20.7,26.8,32.2,35.3,36.3,50.5,52.5,33.4,30.3,69.8,-4.6,,
2024,Minnesota,B10,32,18,114.0,102.9,0.7651,54.3,50.1,17.6,15.9,30.8,29.1,35.6,29.9,54.7,48.3,35.8,36.3,66.6,-2.5,,
2024,Mississippi,SEC,32,20,113.6,102.8,0.7591,51.2,50.2,15.7,18.1,30.1,36.2,35.1,32.3,49.2,50.0,36.6,33.8,66.8,-0.39,,
2024,Georgia,SEC,33,17,109.6,99.3,0.7581,49.8,49.8,16.1,16.3,27.5,30.8,38.4,30.2,49.3,49.7,33.6,33.2,68.4,-3.7,,
2024,Richmond,A10,32,23,106.8,96.8,0.7566,53.0,46.7,12.8,17.2,17.0,26.6,28.1,26.5,52.0,46.6,36.5,31.3,66.8,-0.7,,
2024,Syracuse,ACC,31,20,111.2,100.8,0.7563,51.3,52.8,15.9,20.1,24.1,31.8,34.1,26.6,51.9,53.2,33.4,34.7,70.7,-0.26,,
2024,Indiana,B10,33,19,109.8,99.5,0.7549,52.1,49.0,17.5,14.9,26.9,29.7,37.7,31.6,53.4,47.4,32.4,34.3,68.4,0.06,,
2024,LSU,SEC,32,17,110.4,100.3,0.7503,52.2,49.5,18.6,18.3,30.7,31.2,38.9,33.5,51.7,49.2,35.3,33.2,69.7,-3.1,,
2024,VCU,A10,35,22,107.9,98.3,0.7455,52.2,46.6,18.3,16.7,28.3,26.9,35.7,34.8,51.2,46.3,35.7,31.4,65.2,-3.8,,
2024,Loyola Chicago,A10,31,23,104.8,95.5,0.7447,51.8,46.2,18.6,17.8,27.1,25.1,33.6,36.2,51.1,43.4,35.2,34.2,68.6,-1.5,,
2024,Boston College,ACC,34,19,111.8,102.0,0.7427,52.7,50.4,15.5,16.0,27.3,26.7,25.5,28.4,51.8,49.5,36.1,34.6,67.1,-3.6,,
2024,Florida St.,ACC,33,17,110.1,100.7,0.7372,50.3,52.2,16.4,20.7,28.5,32.8,36.8,41.0,51.5,51.6,31.7,35.4,70.9,-3.5,,
2024,UCLA,P12,32,16,107.6,98.5,0.7339,46.6,50.1,16.5,18.1,29.9,28.3,35.8,35.8,45.2,49.7,33.3,33.7,63.1,-5.2,,
2024,UC Irvine,BW,32,24,108.2,99.2,0.7313,52.0,45.9,17.0,17.5,31.3,27.7,34.6,35.5,51.9,44.2,34.9,33.3,68.4,-2.6,,
2024,Princeton,Ivy,26,24,114.5,104.9,0.7312,54.6,51.4,12.0,16.7,24.2,24.8,29.2,24.7,56.3,52.9,35.3,32.7,64.8,1.2,,
2024,South Florida,Amer,31,24,109.4,100.4,0.7288,51.8,47.6,15.4,18.6,28.2,30.5,37.7,34.8,49.5,48.2,36.6,31.1,67.9,-0.7,,
2024,Miami FL,ACC,32,15,109.9,101.1,0.7241,52.7,51.0,17.2,16.6,28.7,28.5,24.6,22.3,51.6,52.0,36.1,33.3,68.7,-5.3,,
2024,Louisiana Tech,CUSA,29,22,107.7,99.0,0.7237,50.6,45.6,18.8,17.6,33.8,28.0,42.0,32.0,49.0,43.0,35.7,33.5,65.6,-4.3,,
2024,Memphis,Amer,32,22,111.5,102.6,0.7236,52.8,50.0,18.0,19.1,33.4,33.6,36.3,29.6,52.9,49.3,35.0,34.0,71.6,-1.0,,
2024,Massachusetts,A10,31,20,110.9,102.1,0.7214,50.6,48.5,16.0,18.9,36.5,30.1,35.8,38.6,52.6,47.5,31.3,33.5,68.3,-4.6,,
2024,Saint Joseph's,A10,34,21,110.6,102.0,0.7174,53.0,49.0,16.4,17.6,29.3,29.1,29.5,29.0,52.7,48.5,35.6,33.1,68.3,-4.4,,
2024,George Mason,A10,31,20,108.7,100.3,0.7166,52.0,48.0,18.1,16.4,31.7,27.4,36.7,31.8,52.3,45.0,34.3,34.8,63.8,-4.6,,
2024,Appalachian St.,SB,31,27,106.0,98.4,0.7017,52.7,45.1,15.3,14.6,29.7,27.8,32.3,19.8,53.8,43.7,33.6,32.1,66.7,-1.0,,
2024,Rutgers,B10,32,15,98.1,91.4,0.6928,43.5,47.2,16.6,21.7,30.2,31.3,32.9,34.3,43.7,46.0,28.7,32.7,67.8,-3.5,,
2024,Stanford,P12,32,14,109.8,102.5,0.6901,54.3,51.9,17.8,15.5,23.2,27.3,28.6,25.3,53.6,50.9,36.9,35.7,69.5,-7.0,,
2024,St. Bonaventure,A10,33,20,111.0,103.7,0.6876,52.3,51.1,16.2,19.2,29.7,28.5,32.2,33.9,50.8,51.8,36.5,33.5,65.4,-4.8,,
2024,Belmont,MVC,32,20,109.1,102.1,0.6819,55.0,51.1,16.7,16.4,21.0,27.5,30.3,27.0,54.5,52.2,37.2,33.0,71.1,-5.2,,
2024,Oklahoma St.,B12,32,12,108.8,101.8,0.681,51.3,51.3,18.8,16.8,27.5,28.5,34.0,27.6,52.2,51.5,33.4,34.0,67.1,-7.5,,
2024,Charlotte,Amer,30,19,108.6,101.8,0.6783,50.8,48.5,15.5,15.2,26.1,29.0,35.2,31.5,53.2,49.5,31.3,31.1,62.4,-5.0,,
2024,Arkansas,SEC,33,16,109.5,102.7,0.6777,50.5,50.4,16.3,15.1,25.2,29.8,45.3,39.0,51.8,50.1,31.8,33.9,70.6,-4.8,,
2024,Northern Iowa,MVC,32,19,108.7,102.3,0.6677,51.6,52.2,15.2,16.5,23.9,22.5,37.4,30.5,51.9,52.0,34.1,35.0,66.5,-5.0,,
2024,Cornell,Ivy,27,22,111.4,105.2,0.6573,56.5,51.3,17.2,18.5,27.2,31.0,28.8,32.6,61.7,52.4,33.9,33.2,71.5,-1.5,,
2024,Hofstra,CAA,32,20,107.9,102.0,0.657,55.4,49.0,15.7,17.7,22.9,29.7,22.3,29.0,55.5,46.9,36.8,34.6,65.6,-6.4,,
2024,Western Carolina,SC,29,22,107.7,101.9,0.6541,51.7,47.2,14.7,13.3,29.1,24.2,27.7,32.4,49.8,45.5,36.8,33.9,66.8,-5.3,,
2024,Michigan,B10,32,8,110.0,104.4,0.6464,51.1,52.5,18.6,13.7,30.7,30.4,32.0,30.5,49.5,51.7,35.9,36.1,67.4,-9.2,,
2024,California,P12,32,13,107.8,102.7,0.6368,49.2,51.3,16.2,14.7,28.6,26.7,29.2,33.1,48.0,50.0,33.8,35.7,68.4,-7.5,,
2024,Southern Illinois,MVC,31,19,108.5,103.4,0.6364,52.5,50.1,16.8,16.2,26.1,25.6,35.9,36.5,53.4,52.1,34.3,30.4,64.2,-6.3,,
2024,UT Arlington,WAC,32,20,108.2,103.1,0.636,52.1,49.0,21.5,18.6,32.8,29.4,39.0,42.0,51.3,47.4,35.4,34.6,70.8,-6.4,,
2024,Santa Clara,WCC,32,20,108.4,103.3,0.6344,52.3,48.4,18.2,14.4,34.1,26.1,31.6,33.3,52.6,48.9,34.5,31.7,69.0,-3.8,,
2024,Davidson,A10,30,15,104.7,99.9,0.6331,48.9,49.4,16.3,17.2,26.1,27.8,33.5,32.8,50.8,49.5,30.7,32.8,65.4,-8.7,,
2024,Troy,SB,29,20,106.7,101.8,0.6307,50.1,49.8,19.6,20.8,34.8,30.7,41.3,39.8,48.2,47.7,35.3,35.9,69.6,-7.3,,
2024,UNC Wilmington,CAA,28,21,112.5,107.9,0.6178,51.1,51.7,12.8,17.1,29.9,30.6,32.9,33.1,52.1,50.8,33.0,35.5,65.1,-4.7,,
2024,High Point,BSth,31,25,114.1,109.5,0.6162,52.3,50.2,16.2,14.1,37.1,25.5,44.4,38.2,53.6,49.6,33.7,34.4,68.5,-4.2,,
2024,Georgia Tech,ACC,32,14,107.9,103.8,0.6095,48.7,49.2,17.7,12.8,31.6,28.5,29.2,31.6,48.6,49.5,32.6,32.6,67.4,-5.7,,
2024,West Virginia,B12,32,9,108.7,104.6,0.6082,49.6,52.1,18.3,15.0,26.6,30.4,37.1,28.1,47.8,51.9,34.9,34.9,68.3,-9.5,,
2024,UC San Diego,BW,30,21,110.7,106.6,0.6082,52.1,50.3,14.3,17.0,27.5,27.9,32.5,29.4,52.3,50.2,34.5,33.7,65.3,-6.2,,
2024,Arizona St.,P12,32,14,103.1,99.3,0.6075,47.3,51.7,14.8,19.4,21.8,29.7,33.1,31.2,48.6,52.2,30.1,34.0,69.0,-5.6,,
2024,Notre Dame,ACC,33,13,101.9,98.2,0.6052,47.6,48.2,19.1,15.2,28.4,26.7,27.9,27.4,47.5,47.8,31.8,32.5,64.2,-7.8,,
2024,Drexel,CAA,31,20,107.0,103.2,0.6028,50.6,47.8,16.5,13.1,33.6,24.5,30.0,26.7,50.3,48.2,34.1,31.4,64.5,-6.5,,
2024,Seattle,WAC,32,19,103.7,100.1,0.6022,50.7,46.4,18.5,17.3,29.4,26.1,34.2,37.2,50.1,47.4,34.3,29.7,66.7,-8.4,,
2024,Sam Houston St.,CUSA,31,21,105.5,101.9,0.5965,48.6,49.8,18.8,19.0,32.0,27.0,34.7,37.0,46.5,50.5,35.1,32.5,67.7,-5.7,,
2024,Wichita St.,Amer,33,15,104.7,101.5,0.5887,49.8,48.5,17.8,14.8,31.8,28.7,26.4,28.3,49.9,48.1,33.0,32.7,68.1,-11.1,,
2024,Missouri,SEC,32,8,108.0,104.8,0.5862,50.2,51.4,16.8,18.7,26.8,35.8,31.7,42.5,51.8,51.2,31.9,34.4,66.6,-11.3,,
2024,Arkansas St.,SB,34,18,112.8,109.4,0.5859,51.7,50.4,16.2,14.1,33.9,28.7,32.7,35.7,51.3,49.4,34.9,35.4,68.0,-8.8,,
2024,Youngstown St.,Horz,28,22,106.6,104.2,0.5666,50.4,49.0,15.5,16.5,33.9,28.7,29.3,30.7,52.2,47.9,31.9,34.0,68.8,-6.0,,
2024,Louisiana Lafayette,SB,31,19,104.9,102.6,0.5647,50.7,49.9,16.8,20.6,30.8,32.9,28.6,40.1,51.7,53.7,32.6,27.9,68.5,-8.5,,
2024,UNC Greensboro,SC,30,21,108.7,106.4,0.5633,53.2,49.5,16.3,17.7,29.3,30.5,27.3,35.8,49.2,48.0,38.9,34.3,64.7,-5.6,,
2024,Towson,CAA,33,20,102.3,100.3,0.5567,47.3,48.3,19.2,16.9,39.8,27.2,34.7,31.7,46.4,47.4,32.8,33.3,62.1,-7.3,,
2024,St. Thomas,Sum,30,20,106.8,104.7,0.5555,54.4,52.0,14.8,18.5,24.0,25.5,29.4,29.0,55.0,52.8,35.7,33.8,62.9,-9.1,,
2024,Toledo,MAC,32,20,111.4,109.3,0.5535,53.3,54.5,15.1,18.5,29.0,28.5,35.4,26.3,52.0,56.4,37.7,34.2,69.2,-6.3,,
2024,Ohio,MAC,32,20,107.7,105.7,0.5522,52.2,49.2,14.1,19.2,28.0,31.9,32.1,34.7,51.9,48.4,35.1,33.8,67.3,-9.1,,
2024,Tarleton St.,WAC,29,23,107.5,105.6,0.5508,49.7,50.5,16.9,20.1,30.4,33.7,30.6,35.8,49.5,50.5,33.4,33.6,66.3,-3.0,,
2024,Missouri St.,MVC,33,17,103.8,101.9,0.5507,49.7,48.0,17.3,13.1,29.1,24.7,31.5,24.9,51.2,47.0,31.4,33.0,67.8,-7.9,,
2024,Tulane,Amer,30,14,109.1,107.2,0.5485,54.1,51.1,15.1,17.3,20.5,32.7,45.5,32.7,54.5,50.2,35.5,34.9,72.8,-9.4,,
2024,Liberty,CUSA,29,18,107.9,106.1,0.5481,54.3,50.8,16.2,17.0,24.5,25.5,26.7,30.3,55.0,51.9,35.7,32.3,64.4,-8.2,,
2024,Wright St.,Horz,30,18,115.2,113.5,0.5435,58.5,55.3,16.5,16.3,28.9,28.1,33.6,30.0,58.8,55.0,38.4,37.1,71.4,-9.3,,
2024,Oregon St.,P12,31,13,106.0,104.5,0.5417,49.8,51.3,18.3,16.8,26.2,31.1,35.6,35.9,49.9,52.3,33.1,33.2,65.1,-7.7,,
2024,Murray St.,MVC,31,12,107.0,105.6,0.5394,50.0,54.5,14.4,17.9,26.5,25.5,29.6,27.7,51.3,53.8,31.6,37.0,64.4,-12.3,,
2024,Wyoming,MWC,30,15,107.8,106.4,0.5371,50.9,52.8,18.5,15.9,28.6,29.1,38.0,27.8,49.0,53.7,36.1,34.4,67.1,-7.3,,
2024,Furman,SC,30,17,108.5,107.3,0.5328,52.1,52.9,15.9,16.2,29.4,26.6,31.0,28.5,54.3,53.9,33.2,34.1,68.8,-10.2,,
2024,Chattanooga,SC,31,21,109.5,108.3,0.5326,54.8,49.9,17.1,14.5,27.2,28.8,30.9,27.3,56.1,47.9,35.7,35.1,66.8,-6.9,,
2024,Montana,BSky,31,23,110.9,109.7,0.5306,54.6,51.1,14.6,14.2,25.2,25.8,29.5,35.0,55.1,50.3,35.8,35.2,66.1,-5.8,,
2024,Delaware,CAA,32,19,104.3,103.6,0.5186,51.9,48.7,16.0,15.1,27.5,27.9,30.9,27.1,53.2,49.7,33.0,31.3,67.3,-9.1,,
2024,UC Davis,BW,31,20,102.0,101.5,0.5153,50.2,49.1,19.3,20.9,28.6,30.6,38.2,38.4,50.8,49.1,32.9,32.7,67.1,-8.3,,
2024,Quinnipiac,MAAC,32,24,105.6,105.2,0.5118,50.6,48.8,16.9,17.6,31.5,28.3,30.6,29.5,49.8,47.5,34.7,34.0,71.1,-5.3,,
2024,UTEP,CUSA,31,18,97.9,97.6,0.5085,48.1,51.5,21.2,25.9,29.0,31.0,42.8,46.3,48.8,53.2,31.0,32.1,69.5,-10.6,,
2024,Stony Brook,CAA,34,20,106.0,105.7,0.5085,50.3,50.0,15.1,15.2,26.6,29.3,29.2,27.4,48.6,48.4,35.5,34.8,67.3,-7.8,,
2024,Weber St.,BSky,29,20,107.2,106.9,0.5082,53.1,54.4,14.8,18.4,23.8,23.7,35.2,29.3,53.9,55.2,34.5,35.4,65.4,-7.1,,
2024,Eastern Washington,BSky,30,21,110.5,110.4,0.5025,57.2,52.8,19.0,16.3,26.4,27.1,39.6,33.5,58.7,51.0,36.8,36.9,70.4,-4.7,,
2024,Winthrop,BSth,29,17,106.0,106.0,0.5009,51.9,49.5,18.7,18.2,30.4,32.9,50.0,34.3,52.8,50.6,33.7,32.0,66.9,-9.4,,
2024,East Carolina,Amer,32,15,104.7,104.9,0.4929,47.6,51.3,16.3,18.7,32.7,31.0,34.0,32.7,48.1,52.5,31.2,33.1,64.8,-10.8,,
2024,UMass Lowell,AE,29,22,104.9,105.4,0.4866,50.4,47.3,18.2,15.5,32.1,26.9,40.1,26.9,51.3,49.1,32.3,29.2,69.7,-6.0,,
2024,UNC Asheville,BSth,31,22,106.0,106.6,0.4851,52.1,50.1,17.1,16.9,27.3,31.4,40.8,34.3,50.5,50.6,36.4,32.9,68.1,-6.7,,
2024,Bryant,AE,31,20,100.0,100.6,0.4819,50.7,45.4,15.8,16.7,20.4,30.2,29.9,33.8,51.7,45.0,32.7,30.8,74.1,-7.2,,
2024,Kent St.,MAC,32,17,105.0,105.8,0.4763,50.7,51.3,17.2,18.5,31.0,28.7,31.9,34.9,48.5,52.6,36.0,33.0,66.6,-11.5,,
2024,Texas A&M Corpus Chris,Slnd,28,21,100.0,100.9,0.474,46.8,47.6,17.8,19.8,33.6,25.1,35.9,47.9,47.4,48.2,30.4,31.0,68.7,-6.4,,
2024,Hawaii,BW,32,20,104.0,105.0,0.4727,52.6,48.5,18.6,15.7,25.8,25.3,39.0,33.6,53.8,49.3,34.0,30.8,65.9,-9.2,,
2024,Little Rock,OVC,33,21,105.7,106.7,0.4725,52.5,48.0,17.3,17.9,32.1,30.3,33.5,35.2,53.1,48.0,34.1,32.0,68.8,-9.6,,
2024,La Salle,A10,32,16,105.6,106.6,0.4721,49.2,50.7,14.2,15.4,27.0,30.8,24.8,33.3,47.6,49.3,34.5,35.8,66.6,-9.6,,
2024,Saint Louis,A10,32,13,111.2,112.3,0.4717,51.5,54.3,16.8,14.2,26.1,28.5,36.3,35.3,49.6,53.9,36.4,36.6,69.4,-10.8,,
2024,Fort Wayne,Horz,31,21,103.1,104.1,0.4709,53.8,51.5,14.5,22.0,22.8,30.0,31.0,32.6,53.4,52.8,36.3,32.8,70.6,-7.9,,
2024,Georgetown,BE,32,9,109.4,110.6,0.4663,48.6,55.7,17.9,16.4,33.4,30.7,33.9,33.6,46.3,57.4,34.6,35.3,66.6,-10.4,,
2024,Brown,Ivy,30,13,104.1,105.4,0.4655,49.7,51.2,18.3,16.8,31.9,27.3,33.0,32.1,49.2,52.2,33.7,33.1,67.2,-11.7,,
2024,Illinois Chicago,MVC,32,12,100.4,101.7,0.4622,50.6,48.9,17.7,17.4,22.9,28.4,26.0,35.9,48.4,49.2,36.0,32.2,68.1,-13.3,,
2024,Utah Valley,WAC,30,16,98.1,99.5,0.4584,47.1,48.0,18.1,18.1,28.5,27.2,35.4,36.0,48.9,47.6,28.5,32.6,67.6,-9.8,,
2024,Loyola Marymount,WCC,30,12,107.9,109.5,0.4573,51.6,50.4,16.3,12.4,29.4,27.1,28.8,28.3,49.2,49.8,36.8,34.3,64.8,-11.8,,
2024,Fordham,A10,33,13,100.5,102.0,0.4559,46.7,50.4,18.2,19.7,32.5,27.4,35.1,45.2,46.2,48.9,31.5,35.9,68.8,-12.4,,
2024,East Tennessee St.,SC,33,19,101.8,103.6,0.4482,46.9,50.9,18.1,18.8,35.1,29.4,33.9,36.7,47.1,51.2,31.2,33.7,66.9,-9.7,,
2024,Rice,Amer,31,11,107.0,109.1,0.4457,50.5,52.6,17.3,14.8,28.5,29.5,29.9,27.4,50.9,50.0,33.2,37.9,65.8,-12.9,,
2024,Fairfield,MAAC,33,22,107.3,109.4,0.4446,51.8,52.3,15.5,20.4,28.6,30.7,28.6,26.2,49.9,53.0,36.4,34.0,68.3,-8.0,,
2024,Temple,Amer,35,16,101.9,103.9,0.4444,46.0,50.4,14.1,17.0,28.2,29.7,32.1,36.0,44.9,51.3,31.7,32.6,66.8,-11.7,,
2024,Vanderbilt,SEC,32,9,104.1,106.2,0.4437,45.4,53.0,15.3,15.9,28.2,29.3,35.2,29.5,47.4,51.0,28.3,37.4,65.6,-10.5,,
2024,Pepperdine,WCC,31,13,106.0,108.3,0.438,50.8,54.7,16.4,16.9,28.5,25.9,32.6,33.9,49.5,53.4,35.6,38.4,67.5,-12.1,,
2024,Stephen F. Austin,WAC,31,18,100.0,102.3,0.4345,49.4,49.6,21.9,22.9,33.3,30.4,42.2,47.4,49.2,46.0,33.2,37.1,69.3,-9.6,,
2024,Gardner Webb,BSth,30,17,102.1,104.6,0.4305,49.1,50.3,16.1,16.0,27.9,26.7,35.9,39.4,47.4,50.0,34.8,34.0,69.4,-10.1,,
2024,UMKC,Sum,29,16,100.6,103.1,0.4299,49.4,51.1,17.9,17.3,31.3,25.3,29.3,45.1,48.9,52.7,33.4,32.4,66.4,-11.0,,
2024,Louisville,ACC,32,8,104.2,106.9,0.427,48.4,54.6,18.1,16.2,28.1,27.5,38.8,33.8,49.4,53.8,30.6,37.2,69.5,-12.5,,
2024,Illinois St.,MVC,31,15,101.8,104.5,0.4249,47.7,50.9,17.1,16.4,28.9,26.0,36.1,27.2,50.4,52.3,28.8,32.5,63.7,-10.0,,
2024,Rhode Island,A10,31,12,106.1,109.1,0.4225,51.5,52.6,18.5,13.1,29.1,28.2,39.4,30.0,51.1,52.0,34.9,35.7,68.6,-12.0,,
2024,Monmouth,CAA,33,18,104.7,107.7,0.4201,49.4,50.0,15.3,17.8,30.5,32.2,29.2,33.3,47.8,49.3,34.8,34.0,67.7,-8.4,,
2024,Penn,Ivy,27,11,108.4,111.5,0.4201,51.9,54.0,16.7,14.0,29.1,26.6,27.0,26.7,51.2,53.9,35.3,36.1,65.5,-11.2,,
2024,Texas St.,SB,33,17,98.9,101.7,0.42,47.1,49.7,19.9,18.6,31.2,29.4,37.8,38.3,47.1,50.6,31.4,32.1,66.3,-10.3,,
2024,Eastern Kentucky,ASun,28,17,106.8,109.9,0.4197,50.6,49.8,16.1,13.9,33.1,31.0,32.0,29.5,48.8,45.6,36.1,38.7,68.4,-9.4,,
2024,Northern Kentucky,Horz,31,18,101.6,104.5,0.4186,50.6,51.3,17.3,20.1,29.4,32.6,35.1,28.8,52.2,54.5,31.6,31.2,67.9,-9.5,,
2024,Columbia,Ivy,24,13,106.4,109.6,0.4158,52.5,52.8,17.8,17.0,27.9,28.6,29.3,28.5,50.2,54.1,37.4,33.9,68.5,-9.9,,
2024,George Washington,A10,31,15,106.1,109.4,0.4133,51.5,49.8,17.1,13.9,25.9,29.2,34.2,22.8,49.9,48.3,35.8,34.7,70.0,-10.0,,
2024,Tulsa,Amer,30,16,101.4,104.6,0.4103,50.3,49.7,18.2,18.1,24.4,30.4,40.6,35.1,51.7,50.0,32.1,32.7,70.4,-9.2,,
2024,Northern Colorado,BSky,30,19,107.9,111.4,0.4074,55.7,53.1,15.7,15.5,24.0,25.4,28.1,29.4,56.7,52.7,36.0,35.8,69.9,-9.0,,
2024,Cleveland St.,Horz,33,20,106.3,109.9,0.4068,49.9,51.5,15.0,19.5,34.2,35.2,31.4,38.4,49.7,55.1,33.5,30.5,67.3,-8.7,,
2024,Radford,BSth,31,16,107.1,111.0,0.4005,50.8,50.9,16.2,15.8,30.7,34.0,28.0,31.7,49.4,52.4,35.7,32.4,63.5,-11.1,,
2024,Jacksonville St.,CUSA,29,14,101.1,104.9,0.3972,48.2,50.5,20.3,18.2,33.8,25.3,37.2,34.9,48.3,49.4,32.2,34.9,64.6,-13.0,,
2024,Northeastern,CAA,32,12,105.0,109.0,0.395,51.2,53.8,18.9,17.0,31.8,27.7,29.8,28.3,53.3,52.3,31.8,37.5,65.7,-14.1,,
2024,Harvard,Ivy,26,14,101.0,104.9,0.3932,50.2,50.1,17.8,16.0,26.5,31.3,35.7,25.8,49.9,49.5,33.8,33.9,67.5,-7.5,,
2024,Mercer,SC,30,16,103.4,107.5,0.3911,50.1,51.2,16.6,17.9,30.6,31.1,27.6,38.9,48.8,51.2,35.4,34.2,65.9,-11.5,,
2024,Abilene Christian,WAC,31,15,100.4,104.3,0.3901,46.8,52.1,17.5,20.7,26.1,30.0,38.7,40.4,45.3,53.0,34.2,33.3,68.5,-11.3,,
2024,Evansville,MVC,32,16,101.3,105.4,0.3885,50.0,52.8,16.4,16.9,21.6,25.5,29.0,27.9,49.8,52.0,33.7,35.9,68.6,-9.0,,
2024,Marist,MAAC,31,18,96.3,100.2,0.3862,50.8,47.1,18.4,20.4,23.1,26.8,29.8,35.0,49.3,46.8,35.6,31.8,64.5,-10.0,,
2024,Lipscomb,ASun,30,20,109.2,113.8,0.3836,56.2,53.5,14.2,16.1,23.2,29.3,27.5,22.8,55.7,52.8,38.1,36.5,69.2,-7.2,,
2024,UC Riverside,BW,32,16,103.5,107.9,0.3832,46.3,52.3,14.3,15.8,29.8,25.3,28.6,34.8,44.6,52.0,32.3,35.3,66.8,-11.7,,
2024,Rider,MAAC,31,15,102.3,106.7,0.3811,47.7,49.2,17.9,16.0,31.4,29.0,31.9,36.5,46.6,47.7,33.7,34.4,67.8,-11.0,,
2024,San Jose St.,MWC,31,9,104.7,109.2,0.3811,51.4,54.4,15.6,15.9,22.4,30.2,22.4,35.9,51.5,52.3,34.2,38.9,65.7,-13.8,,
2024,North Dakota,Sum,29,18,104.8,109.4,0.3807,50.2,52.4,15.0,15.3,30.7,26.1,32.2,29.6,51.5,52.2,32.3,35.2,66.6,-10.0,,
2024,South Alabama,SB,29,16,103.0,107.4,0.3805,50.9,50.7,16.3,16.7,22.8,31.8,31.6,33.9,50.0,52.3,35.1,31.9,68.0,-11.0,,
2024,Wofford,SC,29,17,105.5,110.2,0.3761,53.3,51.5,16.9,14.1,29.4,26.2,27.7,34.6,53.4,50.0,35.5,35.7,65.5,-9.0,,
2024,Merrimack,NEC,31,21,95.4,99.8,0.3721,49.8,46.2,19.0,23.2,22.3,34.6,34.3,32.5,52.2,46.1,31.1,30.9,67.2,-7.7,,
2024,Mount St. Mary's,MAAC,32,13,102.0,106.8,0.3709,53.2,49.3,20.7,18.0,30.2,27.9,26.7,30.3,53.3,48.0,35.2,34.6,68.9,-14.8,,
2024,Cal Baptist,WAC,31,16,101.2,106.2,0.3651,47.0,49.2,17.6,15.3,32.7,24.9,36.8,30.3,45.7,48.4,32.9,34.3,63.5,-12.0,,
2024,Air Force,MWC,31,9,106.3,111.7,0.3609,53.8,54.2,18.8,17.6,23.8,31.5,29.6,39.1,53.6,53.7,36.1,36.6,61.9,-13.5,,
2024,Cal St. Fullerton,BW,30,14,99.1,104.2,0.3599,48.0,49.9,18.1,17.9,24.3,29.6,38.6,35.6,47.7,51.3,32.2,31.8,66.3,-11.6,,
2024,Georgia St.,SB,29,14,103.9,109.3,0.3577,48.5,49.3,13.8,14.2,27.2,30.5,28.6,35.9,48.6,51.2,32.2,30.8,67.9,-11.6,,
2024,Iona,MAAC,33,16,102.3,107.7,0.3566,50.0,52.8,14.9,22.2,28.3,30.8,28.5,37.5,48.2,54.1,35.3,34.0,66.9,-12.5,,
2024,Fresno St.,MWC,32,12,102.3,107.8,0.3543,51.5,53.1,18.8,15.4,24.4,30.4,30.4,28.0,52.6,51.8,33.2,36.9,65.5,-11.3,,
2024,Tennessee Martin,OVC,28,21,104.8,110.5,0.3517,50.5,49.3,15.0,13.2,27.0,26.3,32.8,24.6,48.2,49.4,36.2,32.8,72.7,-6.9,,
2024,Bowling Green,MAC,31,20,101.5,107.0,0.3511,48.0,51.1,16.2,16.1,30.7,25.5,35.2,27.4,50.0,49.0,29.5,36.8,67.5,-9.4,,
2024,North Florida,ASun,29,16,105.6,111.6,0.3462,53.6,52.6,16.3,14.4,23.5,29.9,28.3,33.7,53.3,52.3,35.9,35.5,67.1,-11.4,,
2024,Nicholls St.,Slnd,31,20,103.5,109.5,0.3452,51.5,49.8,19.0,16.4,27.6,32.2,37.6,39.4,48.9,50.7,36.8,32.1,66.2,-7.9,,
2024,UTSA,Amer,31,11,106.3,112.5,0.3426,48.3,51.9,15.5,13.1,32.0,28.9,35.0,34.6,46.9,49.8,33.4,37.0,70.5,-14.6,,
2024,Lamar,Slnd,31,19,102.1,108.1,0.3407,50.9,49.2,18.0,19.3,33.1,31.9,33.2,39.2,50.2,48.8,34.8,33.3,68.3,-9.8,,
2024,Florida Gulf Coast,ASun,29,14,102.0,108.0,0.3406,52.1,52.8,17.6,15.8,29.6,28.3,27.2,29.3,50.8,52.0,36.2,35.9,63.8,-13.2,,
2024,UC Santa Barbara,BW,29,16,104.1,110.4,0.3394,53.3,50.6,19.1,14.3,25.2,26.6,39.7,31.0,53.4,51.8,35.4,32.1,67.2,-10.5,,
2024,Marshall,SB,32,13,100.0,106.1,0.3363,46.8,51.4,16.5,16.2,29.8,27.9,28.8,29.9,47.1,49.8,31.0,36.2,70.5,-13.9,,
2024,Cal St. Northridge,BW,32,19,98.7,104.7,0.3358,48.9,48.3,19.0,18.0,31.1,26.9,37.6,39.5,50.3,47.2,30.0,33.1,72.6,-10.4,,
2024,Austin Peay,ASun,31,19,107.7,114.3,0.3354,50.7,53.1,13.3,16.3,30.2,31.4,31.8,37.8,48.9,54.1,36.2,34.3,64.2,-10.4,,
2024,Milwaukee,Horz,33,20,105.7,112.3,0.3348,51.0,50.6,17.9,15.5,36.0,32.6,34.0,32.8,52.7,50.2,32.2,34.2,69.8,-9.9,,
2024,Portland St.,BSky,29,17,98.5,104.6,0.3327,46.8,52.0,16.4,18.6,29.8,28.3,34.3,34.7,45.6,51.1,32.4,35.6,69.2,-10.9,,
2024,Cal St. Bakersfield,BW,30,13,99.7,106.1,0.3302,47.0,50.0,18.3,18.6,32.9,31.2,32.0,46.7,46.6,49.1,32.1,34.3,64.7,-13.7,,
2024,San Diego,WCC,31,18,100.1,106.4,0.3296,49.0,52.5,18.3,18.1,27.1,31.8,32.0,38.6,47.4,53.7,34.8,33.9,71.1,-7.8,,
2024,Idaho St.,BSky,32,14,102.5,109.0,0.3292,51.1,54.5,16.7,18.2,30.3,26.8,33.5,32.6,52.6,54.7,32.2,36.0,63.8,-15.3,,
2024,Miami OH,MAC,30,15,98.8,105.1,0.3276,51.0,49.3,17.2,18.0,22.0,30.7,30.4,31.9,48.7,50.5,36.2,31.5,67.3,-12.4,,
2024,Maine,AE,31,15,95.5,101.7,0.3251,47.8,49.9,16.7,19.2,23.0,27.8,30.0,32.1,49.3,50.6,29.7,32.3,65.5,-12.0,,
2024,Albany,AE,31,13,103.8,110.7,0.3228,50.4,51.4,17.7,17.0,30.6,29.4,29.2,38.9,51.0,54.6,32.9,29.3,73.0,-13.9,,
2024,Norfolk St.,MEAC,29,22,101.0,107.8,0.3198,49.1,49.8,18.6,22.3,31.2,31.6,42.8,44.5,49.1,48.4,32.7,34.3,66.5,-6.9,,
2024,Southern,SWAC,29,18,96.5,103.1,0.3181,49.4,50.4,20.1,22.1,26.5,30.8,35.6,46.2,49.9,51.5,32.5,32.2,67.7,-8.2,,
2024,UMBC,AE,31,11,104.3,111.5,0.3161,52.7,50.3,17.5,14.9,25.5,31.0,24.1,28.3,52.6,52.2,35.3,31.3,73.2,-16.8,,
2024,Southern Miss,SB,30,16,99.5,106.5,0.3132,48.4,50.5,18.5,17.2,28.9,30.5,37.9,33.0,47.2,48.9,33.8,35.7,67.7,-10.9,,
2024,Southern Utah,WAC,29,10,103.8,111.1,0.3125,48.4,52.6,16.9,17.0,27.9,33.0,36.2,32.2,50.8,53.0,29.4,34.3,69.5,-15.3,,
2024,Queens,ASun,31,14,103.5,110.9,0.3122,49.9,54.1,15.7,15.4,27.6,29.5,33.7,29.4,50.1,55.8,33.0,34.2,72.7,-13.5,,
2024,Canisius,MAAC,31,14,99.7,106.8,0.312,49.6,51.2,19.1,16.3,32.8,28.1,27.5,28.0,49.7,51.0,32.9,34.4,67.0,-13.2,,
2024,Green Bay,Horz,30,18,101.7,109.0,0.3105,52.4,49.4,18.6,14.0,27.3,28.4,29.4,34.2,53.7,51.6,34.0,30.2,63.5,-9.1,,
2024,Ball St.,MAC,29,15,102.1,109.6,0.3087,50.8,51.3,18.2,16.2,27.3,27.9,38.2,27.6,48.7,50.6,36.1,35.1,66.6,-12.5,,
2024,North Dakota St.,Sum,29,15,103.1,110.8,0.305,53.3,53.7,16.8,13.2,24.3,24.7,30.3,28.5,51.4,52.8,37.7,36.8,65.6,-11.9,,
2024,North Carolina Central,MEAC,27,18,104.1,112.1,0.3006,49.8,49.0,17.8,18.1,31.3,33.7,40.4,37.1,49.8,51.5,33.2,29.7,66.4,-9.5,,
2024,North Alabama,ASun,30,15,103.9,112.0,0.2982,49.8,51.5,14.6,14.2,27.0,27.8,32.9,40.9,47.9,50.6,35.6,35.4,67.7,-12.0,,
2024,Western Illinois,OVC,29,21,97.1,104.6,0.2977,46.5,46.5,20.1,14.2,37.2,28.9,35.6,25.1,46.0,46.8,31.7,30.4,64.6,-8.0,,
2024,Middle Tennessee,CUSA,31,14,97.9,105.5,0.2971,46.0,49.5,20.6,15.8,28.2,30.4,34.9,29.6,45.6,49.0,31.1,33.8,65.3,-13.2,,
2024,Central Michigan,MAC,31,18,95.6,103.1,0.2954,46.8,47.3,17.5,16.2,28.6,30.7,27.4,30.6,47.7,47.7,30.1,31.2,65.3,-8.1,,
2024,Nebraska Omaha,Sum,29,15,102.5,110.7,0.293,49.5,53.4,14.5,15.9,24.7,26.4,39.7,32.2,50.5,53.3,31.6,35.7,67.3,-13.3,,
2024,Georgia Southern,SB,33,9,104.3,112.7,0.2908,50.8,52.0,18.8,17.3,28.8,33.9,28.9,43.1,49.3,51.4,35.2,35.5,68.8,-17.8,,
2024,Bucknell,Pat,33,14,98.7,106.7,0.2898,50.4,49.5,18.9,16.4,25.9,28.6,29.0,31.5,50.2,50.1,33.8,32.4,64.8,-14.5,,
2024,Lehigh,Pat,30,14,98.6,106.7,0.2877,49.5,51.7,16.9,17.9,22.0,23.5,33.0,29.6,50.2,50.7,32.2,35.6,70.0,-13.4,,
2024,Binghamton,AE,28,15,101.3,109.9,0.2805,49.4,50.0,18.0,13.3,29.1,25.0,34.3,34.8,51.4,48.4,29.9,35.0,66.5,-10.6,,
2024,Portland,WCC,31,12,103.5,112.4,0.2798,50.5,55.3,17.1,13.2,23.6,28.8,31.7,22.6,49.9,53.9,34.1,38.0,67.6,-13.3,,
2024,Utah Tech,WAC,30,11,99.0,107.8,0.2745,50.4,50.4,21.8,18.3,28.2,31.6,40.3,43.2,50.2,50.1,33.7,33.9,70.2,-14.0,,
2024,New Mexico St.,CUSA,28,13,99.1,107.8,0.2745,46.9,50.9,17.7,15.8,25.4,29.6,32.7,44.8,47.0,50.0,31.2,34.7,66.2,-12.5,,
2024,Oral Roberts,Sum,28,12,102.1,111.3,0.2721,51.1,51.4,14.2,14.5,20.9,30.6,26.0,32.3,49.1,50.0,36.0,35.8,67.6,-13.4,,
2024,New Hampshire,AE,30,16,97.6,106.4,0.2719,47.9,50.5,16.6,16.4,23.5,25.5,29.8,27.5,48.1,53.5,31.8,30.5,71.3,-9.3,,
2024,Kennesaw St.,ASun,28,15,103.6,112.8,0.2718,51.5,53.1,16.0,17.6,30.0,30.5,35.4,43.2,53.0,51.3,32.9,37.2,74.0,-12.5,,
2024,Central Connecticut,NEC,29,20,99.5,108.5,0.2702,50.2,49.6,16.7,17.5,27.6,26.8,33.0,26.7,50.8,48.2,32.8,34.8,66.7,-8.1,,
2024,USC Upstate,BSth,27,10,99.2,108.2,0.2689,49.6,52.0,16.4,18.6,23.9,34.3,29.5,45.0,50.2,53.0,32.5,33.5,67.0,-15.2,,
2024,Denver,Sum,30,17,105.8,115.4,0.2684,51.8,54.7,14.0,14.2,27.3,27.6,35.0,32.0,51.2,54.4,35.1,36.8,70.4,-12.2,,
2024,Presbyterian,BSth,29,14,101.6,110.9,0.2676,51.3,52.6,17.1,17.6,26.3,27.8,37.3,43.1,52.1,52.7,33.1,34.9,67.4,-14.0,,
2024,The Citadel,SC,29,11,100.7,110.0,0.2671,50.6,53.5,18.0,16.1,27.3,26.8,33.7,22.5,51.3,54.1,32.8,35.2,65.3,-15.7,,
2024,Texas Southern,SWAC,31,16,97.7,106.6,0.2669,46.9,48.2,18.3,18.0,30.2,30.8,31.5,40.4,47.1,47.9,31.1,32.4,67.5,-10.6,,
2024,Niagara,MAAC,31,16,101.5,110.8,0.2667,52.0,52.2,17.4,16.5,23.4,26.8,36.0,30.7,51.2,52.1,35.9,35.0,67.2,-12.3,,
2024,SIU Edwardsville,OVC,30,17,99.7,109.8,0.2481,47.2,51.1,15.6,17.4,30.1,28.2,31.9,37.2,46.2,49.2,32.5,36.2,66.8,-12.0,,
2024,DePaul,BE,32,3,100.6,110.9,0.2475,48.1,56.5,19.9,14.5,22.0,32.3,33.5,28.4,47.0,56.1,33.5,38.1,67.7,-14.8,,
2024,FIU,CUSA,32,11,99.9,110.1,0.2454,49.7,55.6,18.9,24.1,27.0,37.3,28.4,35.9,49.9,52.9,32.9,40.3,70.2,-16.3,,
2024,Louisiana Monroe,SB,28,11,99.9,110.2,0.2447,44.8,52.6,18.2,17.2,34.1,29.0,38.4,37.6,45.6,51.7,28.5,35.8,67.0,-13.3,,
2024,Old Dominion,SB,31,7,97.8,107.9,0.2428,47.6,51.3,15.0,18.0,25.2,31.2,27.1,39.7,47.5,50.0,31.8,35.5,69.8,-19.3,,
2024,Valparaiso,MVC,31,7,99.4,109.8,0.2407,46.2,54.5,15.9,17.3,25.7,30.3,23.3,30.7,45.0,55.0,32.1,35.8,67.8,-17.3,,
2024,Sacred Heart,NEC,30,16,101.0,111.6,0.2403,51.5,51.6,17.1,20.1,25.9,32.6,31.7,31.9,50.2,50.6,35.9,35.3,69.2,-12.7,,
2024,Boston University,Pat,32,16,97.7,108.0,0.2401,47.8,50.0,17.7,16.9,26.6,23.0,30.2,36.2,46.8,48.7,32.8,34.6,65.8,-14.1,,
2024,Tennessee St.,OVC,29,18,97.6,107.9,0.2392,48.8,48.8,19.7,18.6,28.4,32.0,38.1,44.3,49.8,48.6,31.3,32.7,68.3,-11.4,,
2024,South Carolina St.,MEAC,30,14,98.1,108.5,0.2383,45.7,52.2,21.3,21.8,37.7,31.0,36.5,49.2,44.5,53.3,32.3,33.6,68.8,-12.9,,
2024,American,Pat,31,16,102.0,112.8,0.2382,52.5,53.4,17.3,17.0,27.9,25.6,28.4,29.8,52.8,51.9,34.7,36.9,62.9,-12.4,,
2024,Jacksonville,ASun,30,16,98.4,109.2,0.2333,48.7,52.3,19.2,17.4,34.6,30.7,36.3,40.4,47.7,51.5,33.8,35.7,65.7,-11.9,,
2024,Alcorn St.,SWAC,31,14,105.0,116.5,0.2333,48.9,55.0,17.0,17.2,33.4,30.6,37.4,36.6,48.0,54.0,34.2,37.5,66.6,-11.4,,
2024,Delaware St.,MEAC,31,15,94.6,105.0,0.2313,46.0,50.9,21.0,21.8,33.6,31.4,39.8,36.2,45.8,49.0,31.2,35.8,68.7,-14.0,,
2024,Bellarmine,ASun,28,8,99.9,111.1,0.2275,49.0,53.9,14.5,14.6,21.8,29.4,21.4,31.9,48.3,55.1,33.6,35.0,65.0,-17.4,,
2024,Campbell,CAA,29,14,100.4,111.8,0.2251,52.0,52.2,18.1,16.4,23.8,31.2,33.7,23.6,52.0,52.9,34.6,34.1,66.3,-13.7,,
2024,Northern Illinois,MAC,29,11,101.1,112.6,0.2249,49.8,52.9,18.1,14.3,28.0,31.2,36.2,34.7,50.2,51.8,32.7,36.7,68.2,-14.1,,
2024,Chicago St.,ind,27,12,96.6,107.7,0.2234,45.7,53.0,20.5,21.5,32.2,35.7,38.9,36.4,46.1,55.3,29.9,32.5,65.2,-12.4,,
2024,Southeastern Louisiana,Slnd,29,15,97.9,109.4,0.2188,48.4,51.3,20.9,17.3,30.7,30.3,35.0,30.2,46.6,52.2,34.1,33.4,64.7,-11.7,,
2024,Le Moyne,NEC,29,15,98.6,110.4,0.2143,50.1,50.6,16.6,17.8,23.1,29.9,25.3,27.8,49.2,51.0,34.1,33.4,67.4,-13.7,,
2024,Sacramento St.,BSky,32,10,97.6,109.5,0.2101,48.7,54.1,22.8,15.6,34.1,25.8,32.9,32.7,48.7,55.1,32.4,35.0,63.9,-18.9,,
2024,Jackson St.,SWAC,32,15,99.5,111.7,0.2095,47.0,52.6,19.0,19.0,34.9,32.0,34.7,34.5,46.2,52.4,32.5,35.2,68.7,-11.6,,
2024,Elon,CAA,30,13,101.1,113.6,0.2068,50.6,53.2,17.8,15.7,28.7,32.8,32.8,29.1,48.8,54.5,35.2,34.2,67.6,-14.0,,
2024,Idaho,BSky,30,11,98.4,110.6,0.2066,50.2,53.5,17.5,16.6,22.7,28.6,26.7,37.2,50.2,53.4,33.5,35.8,64.8,-16.6,,
2024,William & Mary,CAA,31,10,99.5,112.2,0.2018,48.3,52.2,16.3,14.4,27.4,29.1,31.9,34.9,48.6,52.5,32.1,34.5,65.8,-18.6,,
2024,Bethune Cookman,SWAC,31,17,96.6,109.0,0.1999,47.1,49.9,19.9,21.9,29.4,32.9,39.0,48.7,46.9,49.0,31.8,34.3,69.4,-12.4,,
2024,Coastal Carolina,SB,29,9,98.3,111.0,0.198,49.4,50.1,19.1,12.7,29.3,30.5,32.5,29.5,50.0,50.6,32.1,33.0,69.3,-17.6,,
2024,South Dakota,Sum,29,12,103.0,116.4,0.1978,51.9,53.1,18.3,11.7,27.5,28.6,30.5,27.3,49.6,52.3,37.6,36.2,68.8,-16.4,,
2024,Robert Morris,Horz,30,10,99.8,112.9,0.1942,50.3,53.3,20.0,15.8,33.2,29.5,28.0,36.8,50.0,54.3,33.8,34.3,67.0,-17.2,,
2024,Northern Arizona,BSky,33,14,97.8,110.8,0.1914,49.3,52.9,18.1,16.7,24.1,31.1,31.1,37.4,50.7,55.4,31.2,32.0,68.2,-13.5,,
2024,Western Michigan,MAC,31,12,97.9,111.0,0.1905,48.7,50.9,19.7,15.5,33.7,29.6,31.5,31.5,48.4,50.8,32.8,34.1,68.4,-15.1,,
2024,Northwestern St.,Slnd,30,9,97.1,110.5,0.1837,47.7,51.9,19.3,18.5,29.8,34.1,36.7,41.4,48.0,53.8,31.3,32.6,67.5,-18.3,,
2024,Eastern Illinois,OVC,28,14,95.2,108.6,0.1812,44.8,52.0,15.7,19.7,27.5,28.0,27.2,37.5,43.6,51.1,31.8,35.8,66.5,-13.1,,
2024,Charleston Southern,BSth,27,10,93.6,106.8,0.1802,45.2,50.9,18.1,13.4,27.0,29.0,31.2,33.5,44.1,52.3,31.4,31.9,66.7,-14.1,,
2024,Alabama St.,SWAC,29,13,91.7,104.9,0.176,41.0,49.1,16.3,20.0,31.7,29.1,28.5,43.4,40.4,47.6,28.0,34.1,67.1,-13.8,,
2024,Lafayette,Pat,31,11,93.1,106.5,0.1758,46.9,48.5,17.5,17.4,24.2,29.1,23.9,31.5,47.0,46.6,31.2,34.3,65.2,-16.9,,
2024,Eastern Michigan,MAC,29,13,96.0,110.4,0.1672,47.9,52.0,17.0,15.7,27.6,31.2,25.0,31.5,48.7,54.7,30.8,31.9,65.3,-14.0,,
2024,Southern Indiana,OVC,29,8,96.4,111.7,0.1552,45.6,49.5,19.4,16.6,27.0,28.5,37.6,48.6,44.5,49.3,31.6,33.3,69.0,-19.2,,
2024,NJIT,AE,27,7,97.4,113.1,0.1515,44.6,52.4,16.4,16.6,28.3,32.9,31.2,39.7,44.7,52.3,29.6,35.0,66.4,-16.7,,
2024,Navy,Pat,30,13,95.7,111.2,0.1507,44.0,50.3,15.6,20.5,31.8,30.8,34.8,35.7,43.8,50.9,29.6,32.9,65.4,-15.3,,
2024,Hampton,CAA,30,9,95.4,111.2,0.1462,46.7,51.6,17.9,15.0,27.9,31.9,29.4,29.9,46.9,52.1,30.9,33.9,69.7,-20.0,,
2024,New Orleans,Slnd,29,10,98.0,114.4,0.1451,45.5,54.4,17.3,19.1,28.4,34.9,39.2,38.7,45.5,54.9,30.2,35.5,71.2,-17.9,,
2024,Dartmouth,Ivy,25,6,93.3,109.2,0.1397,47.6,54.2,19.4,13.4,20.7,24.5,27.8,24.4,48.2,53.2,31.2,37.0,65.0,-15.8,,
2024,Arkansas Pine Bluff,SWAC,27,13,100.9,118.3,0.1374,51.5,52.6,18.0,15.4,22.9,34.0,40.2,32.5,48.4,56.0,36.5,31.4,71.9,-13.3,,
2024,UT Rio Grande Valley,WAC,29,6,94.4,110.9,0.1365,45.1,53.1,19.0,18.9,24.3,33.4,41.2,34.4,45.8,54.2,29.0,33.9,71.2,-19.3,,
2024,Alabama A&M,SWAC,33,11,92.1,108.3,0.1347,45.5,49.2,22.5,19.8,31.7,32.7,47.9,46.3,46.6,46.7,28.5,35.7,70.3,-17.6,,
2024,Morgan St.,MEAC,28,11,96.5,113.6,0.1334,47.4,52.0,20.2,18.2,29.5,37.2,31.3,41.4,49.3,51.6,28.2,35.3,70.6,-15.4,,
2024,Manhattan,MAAC,29,7,94.9,111.7,0.1322,47.2,53.1,19.2,16.9,24.8,30.1,22.1,27.3,47.4,52.2,31.3,36.7,68.3,-18.3,,
2024,Central Arkansas,ASun,30,9,96.4,113.6,0.1308,47.5,54.0,18.1,15.4,28.3,31.4,29.3,33.7,45.2,51.9,34.2,37.9,69.1,-18.9,,
2024,Fairleigh Dickinson,NEC,30,15,95.5,112.7,0.1294,47.1,52.9,17.2,19.0,27.8,31.2,34.9,32.0,46.7,52.4,31.8,35.7,72.2,-13.8,,
2024,Texas A&M Commerce,Slnd,30,13,94.3,111.4,0.1281,46.0,52.4,16.7,18.3,24.3,33.1,30.8,39.2,47.6,52.4,29.4,35.0,66.1,-13.9,,
2024,Cal Poly,BW,31,4,93.5,111.5,0.1162,46.0,51.5,18.6,17.3,24.3,33.6,31.3,41.9,44.1,50.8,33.0,35.6,65.7,-23.2,,
2024,LIU Brooklyn,NEC,29,7,92.8,111.2,0.1117,46.4,50.8,20.1,15.8,25.5,28.5,31.5,41.1,46.3,53.0,31.0,31.1,70.3,-18.3,,
2024,North Carolina A&T,CAA,32,7,94.9,113.6,0.1113,43.9,54.5,13.8,15.9,24.3,34.0,34.0,29.5,44.4,55.5,28.7,35.2,67.9,-19.0,,
2024,Loyola MD,Pat,31,7,93.5,112.1,0.1109,47.2,53.3,20.4,15.6,29.2,26.4,30.0,32.6,46.1,53.3,32.7,35.6,65.7,-20.8,,
2024,Buffalo,MAC,30,4,94.8,114.0,0.1076,47.3,53.9,20.0,15.1,28.3,30.6,26.0,28.7,51.6,53.5,27.5,36.5,68.9,-22.0,,
2024,Incarnate Word,Slnd,29,8,95.2,114.5,0.1071,48.2,51.8,21.7,15.1,30.0,30.0,37.1,40.7,48.3,50.2,32.0,36.7,69.9,-19.3,,
2024,Florida A&M,SWAC,27,6,91.9,110.5,0.107,47.5,51.8,21.4,16.3,26.3,31.7,28.0,39.2,46.0,51.1,34.1,35.3,68.1,-16.8,,
2024,Army,Pat,30,10,90.6,108.9,0.1069,47.1,50.3,18.9,16.6,27.0,25.5,25.4,31.6,46.5,50.6,31.8,33.2,63.0,-19.5,,
2024,Detroit,Horz,32,1,96.4,116.1,0.1049,47.3,55.9,19.4,17.3,25.9,35.2,30.3,31.9,50.4,56.1,28.1,37.1,67.0,-24.8,,
2024,Tennessee Tech,OVC,28,10,94.1,113.4,0.1045,49.0,52.5,17.8,15.4,18.9,28.1,31.0,24.6,49.2,52.7,32.3,34.8,65.6,-17.2,,
2024,Prairie View A&M,SWAC,29,10,93.0,112.3,0.103,45.6,53.7,17.7,22.6,26.5,35.2,36.9,46.6,45.6,54.1,30.4,35.2,70.8,-16.0,,
2024,Holy Cross,Pat,32,10,99.2,120.7,0.0948,50.1,53.6,16.5,12.8,23.2,28.1,25.9,30.6,48.7,50.7,35.0,38.7,65.7,-19.3,,
2024,Maryland Eastern Shore,MEAC,25,9,88.9,108.9,0.0878,43.0,50.9,20.0,18.9,28.8,33.7,32.7,37.8,43.3,51.7,28.3,33.0,67.1,-16.4,,
2024,Pacific,WCC,30,6,94.8,116.5,0.0854,46.5,56.3,16.9,16.1,18.8,33.2,37.1,36.4,46.0,58.2,31.5,35.7,68.3,-19.1,,
2024,Houston Christian,Slnd,27,6,96.5,119.3,0.0806,46.9,54.0,21.0,13.6,29.7,33.7,36.8,28.6,47.9,55.5,29.5,34.0,71.5,-17.1,,
2024,Southeast Missouri St.,OVC,27,9,90.2,111.7,0.0784,45.1,52.0,17.3,17.2,24.0,29.5,27.0,44.2,45.1,54.0,30.0,31.5,69.2,-18.3,,
2024,Lindenwood,OVC,28,9,91.3,113.5,0.0755,43.3,53.9,17.9,17.7,23.6,28.7,38.3,40.2,43.2,52.5,29.0,37.6,67.4,-18.1,,
2024,Siena,MAAC,32,4,90.1,112.2,0.0739,44.7,51.8,23.4,14.8,33.2,31.2,30.8,28.0,46.1,51.3,28.0,35.2,65.9,-23.6,,
2024,VMI,SC,29,4,87.8,110.7,0.0651,46.0,54.4,21.2,15.1,23.8,30.6,27.6,30.9,46.7,54.5,29.7,36.2,74.7,-22.6,,
2024,Stonehill,NEC,30,4,90.3,114.2,0.0629,46.7,52.7,19.5,16.6,22.5,31.0,22.6,29.4,47.9,51.7,30.1,35.9,68.1,-22.0,,
2024,St. Francis PA,NEC,28,8,93.1,118.1,0.0608,47.2,53.0,21.2,17.1,32.9,31.3,32.6,35.4,45.7,52.9,33.2,35.4,65.4,-18.6,,
2024,IUPUI,Horz,29,6,92.1,116.9,0.0607,46.5,58.2,21.3,18.5,30.0,35.5,33.2,33.4,49.5,59.0,24.7,38.0,67.3,-21.6,,
2024,Coppin St.,MEAC,29,2,85.1,111.1,0.0445,42.1,51.3,22.9,21.8,27.0,38.6,31.1,38.3,41.9,51.0,28.3,34.5,66.3,-22.9,,
2024,Mississippi Valley St.,SWAC,31,1,85.4,116.2,0.0283,42.5,55.6,24.0,17.2,27.9,35.7,33.0,41.6,41.9,55.6,29.2,37.0,64.5,-22.7,,
